Column,DataType,NonMissingCount,MissingCount,MissingPercent
Trait,str,39672,0,0.0
Axis #1,float64,39672,0,0.0
Axis #2,float64,39672,0,0.0
Axis #3,float64,39672,0,0.0
Axis #4,float64,39672,0,0.0
Axis #5,float64,39672,0,0.0
Axis #6,float64,39672,0,0.0
Axis #7,float64,39672,0,0.0
Axis #8,float64,39672,0,0.0
Axis #9,float64,0,39672,100.0
Axis #10,float64,0,39672,100.0
Axis #11,float64,0,39672,100.0
Axis #12,float64,0,39672,100.0
Axis #13,float64,0,39672,100.0
Axis #14,float64,0,39672,100.0
Time,str,39672,0,0.0
