HourUTC,Shop_ID,Robot_ID,SampleCount,Axis1,Axis2,Axis3,Axis4,Axis5,Axis6
2022-10-17 12:00:00+00:00,SH01,RMBR4-2,1040,0.5798841923076923,2.5764873173076923,2.2085986538461535,0.4301235,0.6957370192307692,0.4357321730769231
2022-10-17 13:00:00+00:00,SH01,RMBR4-2,1623,0.7867101417128775,4.013179137399876,2.875539451632779,0.6736841651263094,1.0560226124460874,0.6723325015403573
2022-10-17 14:00:00+00:00,SH01,RMBR4-2,1784,1.0432151008968609,5.600742202914798,4.382953133408072,0.9386721580717489,1.5194415246636772,0.882481788116592
2022-10-17 15:00:00+00:00,SH01,RMBR4-2,1756,0.5920668109339408,2.689956571753986,2.2236284794988608,0.4537222323462414,0.7617006150341685,0.46859638382687924
2022-10-17 16:00:00+00:00,SH01,RMBR4-2,1798,0.0026377641824249167,0.0070071412680756395,0.011727436040044495,0.0030287986651835372,0.004464249165739711,0.0037034593993325914
2022-10-17 17:00:00+00:00,SH01,RMBR4-2,1778,0.37687104049493814,1.8476571541057367,1.3270020528683915,0.32080302587176607,0.4747303374578178,0.2955887289088864
2022-10-17 18:00:00+00:00,SH01,RMBR4-2,1782,1.1168301066217734,4.864257985409652,3.6863392873176206,0.822250847362514,1.2705696127946127,0.7801621829405163
2022-10-17 19:00:00+00:00,SH01,RMBR4-2,1782,0.9575670258136925,5.009001829405163,3.89258379349046,0.8815603815937149,1.3522848877665545,0.8527964029180696
2022-10-17 20:00:00+00:00,SH01,RMBR4-2,1765,1.1487146685552407,5.825449926345609,4.251830645892351,0.9819707875354107,1.5090089008498584,0.948835342776204
2022-10-17 21:00:00+00:00,SH01,RMBR4-2,1788,0.8727230648769575,4.080061800894854,2.94666379753915,0.6880773993288591,1.0363165268456376,0.7022379306487696
2022-10-17 22:00:00+00:00,SH01,RMBR4-2,1785,0.7557937422969188,4.040612677871149,3.2497723193277315,0.7146382745098039,1.1361773333333334,0.6905785154061624
2022-10-17 23:00:00+00:00,SH01,RMBR4-2,1782,1.0601791582491582,5.4147461503928165,4.056141616161616,0.9835669248035914,1.4504679012345678,0.9446355106621773
2022-10-18 00:00:00+00:00,SH01,RMBR4-2,1791,0.8645538135120044,4.050416705750977,2.91164730318258,0.6998655890563931,1.0278798436627583,0.6388079173646009
2022-10-18 01:00:00+00:00,SH01,RMBR4-2,1782,1.0019050505050506,4.702386273849608,3.517397441077441,0.832968569023569,1.2570566835016834,0.7401012401795735
2022-10-18 02:00:00+00:00,SH01,RMBR4-2,1781,1.0803807580011229,5.217996962380685,3.784130393037619,0.8909821841661988,1.3512618978102189,0.78393345873105
2022-10-18 03:00:00+00:00,SH01,RMBR4-2,1792,0.09718256696428572,0.4513117578125,0.32458440290178575,0.07863801339285714,0.135528125,0.06890188058035715
2022-10-18 04:00:00+00:00,SH01,RMBR4-2,1788,0.0,0.0,0.0,0.0,0.0,0.0
2022-10-18 05:00:00+00:00,SH01,RMBR4-2,1794,0.006289565217391305,0.02036307692307692,0.026827552954292084,0.005797764771460424,0.004848255295429209,0.009998623188405796
2022-10-18 06:00:00+00:00,SH01,RMBR4-2,1791,0.4134056504745952,1.885047699609157,1.5702597599106645,0.3378423562255723,0.5497646342825238,0.4113219318816304
2022-10-18 07:00:00+00:00,SH01,RMBR4-2,1783,1.1026845821648907,5.686666051598429,4.09091195737521,0.9721587773415591,1.482932910824453,1.0203035109366236
2022-10-18 08:00:00+00:00,SH01,RMBR4-2,1787,0.6328344320089535,3.7477371796306658,2.8546532008953553,0.6272391382204813,0.9644221544487969,0.6363959932848349
2022-10-18 09:00:00+00:00,SH01,RMBR4-2,1782,1.0940469079685746,5.709410785634119,4.24673734006734,0.9969350953984287,1.4749303030303031,0.9133369865319865
2022-10-18 10:00:00+00:00,SH01,RMBR4-2,1338,1.183106038863976,5.94298452167414,4.1263328774289985,0.9549670777279522,1.5001856950672645,0.918683490284006
